"date","MLD (m)"
2009-01-01,0.5
2009-01-02,0.5
2009-01-03,0.5
2009-01-04,0.5
2009-01-05,0.5
2009-01-06,0.5
2009-01-07,0.5
2009-01-08,0.5
2009-01-09,0.5
2009-01-10,0.5
2009-01-11,0.5
2009-01-12,0.5
2009-01-13,0.5
2009-01-14,0.5
2009-01-15,0.5
2009-01-16,0.5
2009-01-17,0.5
2009-01-18,0.5
2009-01-19,0.5
2009-01-20,0.5
2009-01-21,0.5
2009-01-22,0.5
2009-01-23,0.5
2009-01-24,0.5
2009-01-25,0.5
2009-01-26,0.5
2009-01-27,0.5
2009-01-28,0.5
2009-01-29,0.5
2009-01-30,0.5
2009-01-31,0.5
2009-02-01,0.5
2009-02-02,0.5
2009-02-03,0.5
2009-02-04,0.5
2009-02-05,0.5
2009-02-06,0.5
2009-02-07,0.5
2009-02-08,0.5
2009-02-09,0.5
2009-02-10,0.5
2009-02-11,0.5
2009-02-12,0.5
2009-02-13,0.5
2009-02-14,0.5
2009-02-15,0.5
2009-02-16,0.5
2009-02-17,0.5
2009-02-18,0.5
2009-02-19,0.5
2009-02-20,0.5
2009-02-21,0.5
2009-02-22,0.5
2009-02-23,0.5
2009-02-24,0.5
2009-02-25,0.5
2009-02-26,0.5
2009-02-27,0.5
2009-02-28,0.5
2009-03-01,0.5
2009-03-02,0.5
2009-03-03,0.5
2009-03-04,0.5
2009-03-05,0.5
2009-03-06,0.5
2009-03-07,0.5
2009-03-08,0.5
2009-03-09,0.5
2009-03-10,0.5
2009-03-11,0.5
2009-03-12,0.5
2009-03-13,0.5
2009-03-14,0.5
2009-03-15,0.5
2009-03-16,0.5
2009-03-17,0.5
2009-03-18,0.5
2009-03-19,0.5
2009-03-20,0.5
2009-03-21,0.5
2009-03-22,0.5
2009-03-23,0.5
2009-03-24,0.5
2009-03-25,0.5
2009-03-26,0.5
2009-03-27,0.5
2009-03-28,0.5
2009-03-29,0.5
2009-03-30,0.5
2009-03-31,0.5
2009-04-01,0.5
2009-04-02,0.5
2009-04-03,0.5
2009-04-04,0.5
2009-04-05,0.5
2009-04-06,0.5
2009-04-07,0.5
2009-04-08,0.5
2009-04-09,0.5
2009-04-10,0.5
2009-04-11,0.5
2009-04-12,0.5
2009-04-13,0.5
2009-04-14,0.5
2009-04-15,0.5
2009-04-16,0.5
2009-04-17,0.5
2009-04-18,0.5
2009-04-19,0.5
2009-04-20,22.5
2009-04-21,19
2009-04-22,31
2009-04-23,31
2009-04-24,23
2009-04-25,0.5
2009-04-26,0.5
2009-04-27,0.5
2009-04-28,0.5
2009-04-29,0.5
2009-04-30,0.5
2009-05-01,0.5
2009-05-02,0.5
2009-05-03,0.5
2009-05-04,0.5
2009-05-05,0.5
2009-05-06,0.5
2009-05-07,0.5
2009-05-08,0.5
2009-05-09,0.5
2009-05-10,0.5
2009-05-11,0.5
2009-05-12,0.5
2009-05-13,30
2009-05-14,20
2009-05-15,29
2009-05-16,0.5
2009-05-17,0.5
2009-05-18,32.5
2009-05-19,32
2009-05-20,21.5
2009-05-21,13
2009-05-22,11.5
2009-05-23,10.5
2009-05-24,20.5
2009-05-25,13.5
2009-05-26,16.5
2009-05-27,20.5
2009-05-28,21.5
2009-05-29,21.5
2009-05-30,14.5
2009-05-31,2.5
2009-06-01,2
2009-06-02,2
2009-06-03,4.5
2009-06-04,5
2009-06-05,7.5
2009-06-06,11
2009-06-07,7.5
2009-06-08,6.5
2009-06-09,7.5
2009-06-10,9.5
2009-06-11,7.5
2009-06-12,10
2009-06-13,10.5
2009-06-14,9.5
2009-06-15,4.5
2009-06-16,7
2009-06-17,10
2009-06-18,12.5
2009-06-19,14
2009-06-20,14
2009-06-21,11.5
2009-06-22,3
2009-06-23,3
2009-06-24,3
2009-06-25,4
2009-06-26,4
2009-06-27,3
2009-06-28,4
2009-06-29,3
2009-06-30,4
2009-07-01,3.5
2009-07-02,3.5
2009-07-03,4.5
2009-07-04,5
2009-07-05,5
2009-07-06,4.5
2009-07-07,8.5
2009-07-08,8.5
2009-07-09,7
2009-07-10,9
2009-07-11,10
2009-07-12,13
2009-07-13,12.5
2009-07-14,5.5
2009-07-15,8.5
2009-07-16,10
2009-07-17,12
2009-07-18,10.5
2009-07-19,10
2009-07-20,12
2009-07-21,12.5
2009-07-22,12.5
2009-07-23,12.5
2009-07-24,10.5
2009-07-25,11.5
2009-07-26,16
2009-07-27,15
2009-07-28,18
2009-07-29,17
2009-07-30,16
2009-07-31,20
2009-08-01,21
2009-08-02,21.5
2009-08-03,22
2009-08-04,23
2009-08-05,24
2009-08-06,23.5
2009-08-07,23
2009-08-08,22
2009-08-09,20.5
2009-08-10,20
2009-08-11,22.5
2009-08-12,19
2009-08-13,9
2009-08-14,19.5
2009-08-15,20.5
2009-08-16,22
2009-08-17,22
2009-08-18,22
2009-08-19,22
2009-08-20,22
2009-08-21,23.5
2009-08-22,24
2009-08-23,24.5
2009-08-24,25.5
2009-08-25,26
2009-08-26,26.5
2009-08-27,28.5
2009-08-28,29
2009-08-29,29
2009-08-30,29
2009-08-31,29
2009-09-01,29.5
2009-09-02,29.5
2009-09-03,29.5
2009-09-04,30.5
2009-09-05,32
2009-09-06,34
2009-09-07,34.5
2009-09-08,35.5
2009-09-09,34
2009-09-10,33
2009-09-11,10.5
2009-09-12,5.5
2009-09-13,8
2009-09-14,4.5
2009-09-15,13
2009-09-16,31
2009-09-17,11
2009-09-18,30
2009-09-19,30.5
2009-09-20,33.5
2009-09-21,34
2009-09-22,34.5
2009-09-23,34.5
2009-09-24,35
2009-09-25,35
2009-09-26,35
2009-09-27,35
2009-09-28,35
2009-09-29,35
2009-09-30,35
2009-10-01,35
2009-10-02,35
2009-10-03,35.5
2009-10-04,35
2009-10-05,35.5
2009-10-06,36.5
2009-10-07,39
2009-10-08,0.5
2009-10-09,0.5
2009-10-10,0.5
2009-10-11,0.5
2009-10-12,0.5
2009-10-13,0.5
2009-10-14,0.5
2009-10-15,0.5
2009-10-16,0.5
2009-10-17,0.5
2009-10-18,0.5
2009-10-19,0.5
2009-10-20,0.5
2009-10-21,0.5
2009-10-22,0.5
2009-10-23,0.5
2009-10-24,0.5
2009-10-25,0.5
2009-10-26,0.5
2009-10-27,0.5
2009-10-28,0.5
2009-10-29,0.5
2009-10-30,0.5
2009-10-31,0.5
2009-11-01,0.5
2009-11-02,0.5
2009-11-03,0.5
2009-11-04,0.5
2009-11-05,0.5
2009-11-06,0.5
2009-11-07,0.5
2009-11-08,0.5
2009-11-09,0.5
2009-11-10,0.5
2009-11-11,0.5
2009-11-12,0.5
2009-11-13,0.5
2009-11-14,0.5
2009-11-15,0.5
2009-11-16,0.5
2009-11-17,0.5
2009-11-18,0.5
2009-11-19,0.5
2009-11-20,0.5
2009-11-21,0.5
2009-11-22,0.5
2009-11-23,0.5
2009-11-24,0.5
2009-11-25,0.5
2009-11-26,0.5
2009-11-27,0.5
2009-11-28,0.5
2009-11-29,0.5
2009-11-30,0.5
2009-12-01,0.5
2009-12-02,0.5
2009-12-03,0.5
2009-12-04,0.5
2009-12-05,0.5
2009-12-06,0.5
2009-12-07,0.5
2009-12-08,0.5
2009-12-09,0.5
2009-12-10,0.5
2009-12-11,0.5
2009-12-12,0.5
2009-12-13,0.5
2009-12-14,0.5
2009-12-15,0.5
2009-12-16,0.5
2009-12-17,0.5
2009-12-18,0.5
2009-12-19,0.5
2009-12-20,0.5
2009-12-21,0.5
2009-12-22,0.5
2009-12-23,0.5
2009-12-24,0.5
2009-12-25,0.5
2009-12-26,0.5
2009-12-27,0.5
2009-12-28,0.5
2009-12-29,0.5
2009-12-30,0.5
2009-12-31,0.5
2010-01-01,0.5
2010-01-02,0.5
2010-01-03,0.5
2010-01-04,0.5
2010-01-05,0.5
2010-01-06,0.5
2010-01-07,0.5
2010-01-08,0.5
2010-01-09,0.5
2010-01-10,0.5
2010-01-11,0.5
2010-01-12,0.5
2010-01-13,0.5
2010-01-14,0.5
2010-01-15,0.5
2010-01-16,0.5
2010-01-17,0.5
2010-01-18,0.5
2010-01-19,0.5
2010-01-20,0.5
2010-01-21,0.5
2010-01-22,0.5
2010-01-23,0.5
2010-01-24,0.5
2010-01-25,0.5
2010-01-26,0.5
2010-01-27,0.5
2010-01-28,0.5
2010-01-29,0.5
2010-01-30,0.5
2010-01-31,0.5
2010-02-01,0.5
2010-02-02,0.5
2010-02-03,0.5
2010-02-04,0.5
2010-02-05,0.5
2010-02-06,0.5
2010-02-07,0.5
2010-02-08,0.5
2010-02-09,0.5
2010-02-10,0.5
2010-02-11,0.5
2010-02-12,0.5
2010-02-13,0.5
2010-02-14,0.5
2010-02-15,0.5
2010-02-16,0.5
2010-02-17,0.5
2010-02-18,0.5
2010-02-19,0.5
2010-02-20,0.5
2010-02-21,0.5
2010-02-22,0.5
2010-02-23,0.5
2010-02-24,0.5
2010-02-25,0.5
2010-02-26,0.5
2010-02-27,0.5
2010-02-28,0.5
2010-03-01,0.5
2010-03-02,0.5
2010-03-03,0.5
2010-03-04,0.5
2010-03-05,0.5
2010-03-06,0.5
2010-03-07,0.5
2010-03-08,0.5
2010-03-09,0.5
2010-03-10,0.5
2010-03-11,0.5
2010-03-12,0.5
2010-03-13,0.5
2010-03-14,0.5
2010-03-15,0.5
2010-03-16,0.5
2010-03-17,0.5
2010-03-18,0.5
2010-03-19,0.5
2010-03-20,0.5
2010-03-21,0.5
2010-03-22,0.5
2010-03-23,0.5
2010-03-24,0.5
2010-03-25,0.5
2010-03-26,0.5
2010-03-27,0.5
2010-03-28,0.5
2010-03-29,0.5
2010-03-30,0.5
2010-03-31,0.5
2010-04-01,0.5
2010-04-02,0.5
2010-04-03,0.5
2010-04-04,0.5
2010-04-05,0.5
2010-04-06,0.5
2010-04-07,0.5
2010-04-08,0.5
2010-04-09,0.5
2010-04-10,0.5
2010-04-11,0.5
2010-04-12,0.5
2010-04-13,0.5
2010-04-14,0.5
2010-04-15,0.5
2010-04-16,23
2010-04-17,8.5
2010-04-18,8.5
2010-04-19,19.5
2010-04-20,15
2010-04-21,13.5
2010-04-22,7.5
2010-04-23,9
2010-04-24,12
2010-04-25,13
2010-04-26,11.5
2010-04-27,15.5
2010-04-28,19.5
2010-04-29,14
2010-04-30,11
2010-05-01,10
2010-05-02,17
2010-05-03,19.5
2010-05-04,16
2010-05-05,17
2010-05-06,19
2010-05-07,20.5
2010-05-08,19
2010-05-09,19.5
2010-05-10,20
2010-05-11,19.5
2010-05-12,17.5
2010-05-13,20
2010-05-14,18.5
2010-05-15,22.5
2010-05-16,20
2010-05-17,19
2010-05-18,20.5
2010-05-19,16.5
2010-05-20,12.5
2010-05-21,3
2010-05-22,2
2010-05-23,2.5
2010-05-24,5.5
2010-05-25,9
2010-05-26,10
2010-05-27,6.5
2010-05-28,5.5
2010-05-29,5.5
2010-05-30,5.5
2010-05-31,8.5
2010-06-01,9
2010-06-02,6.5
2010-06-03,6
2010-06-04,9.5
2010-06-05,5
2010-06-06,3.5
2010-06-07,5
2010-06-08,8.5
2010-06-09,10
2010-06-10,10
2010-06-11,10.5
2010-06-12,10
2010-06-13,12
2010-06-14,12
2010-06-15,5
2010-06-16,4
2010-06-17,4.5
2010-06-18,6.5
2010-06-19,12
2010-06-20,3.5
2010-06-21,3.5
2010-06-22,7
2010-06-23,7.5
2010-06-24,4.5
2010-06-25,4.5
2010-06-26,5
2010-06-27,9
2010-06-28,5
2010-06-29,3
2010-06-30,6.5
2010-07-01,12
2010-07-02,12.5
2010-07-03,13
2010-07-04,15
2010-07-05,13.5
2010-07-06,15.5
2010-07-07,17
2010-07-08,17
2010-07-09,14
2010-07-10,16
2010-07-11,16.5
2010-07-12,6
2010-07-13,9.5
2010-07-14,11
2010-07-15,4
2010-07-16,14.5
2010-07-17,15.5
2010-07-18,15.5
2010-07-19,14
2010-07-20,12
2010-07-21,15
2010-07-22,18
2010-07-23,15
2010-07-24,13.5
2010-07-25,9
2010-07-26,10.5
2010-07-27,11
2010-07-28,9.5
2010-07-29,6.5
2010-07-30,10.5
2010-07-31,11
2010-08-01,9.5
2010-08-02,10.5
2010-08-03,11.5
2010-08-04,13
2010-08-05,14
2010-08-06,15.5
2010-08-07,15
2010-08-08,17.5
2010-08-09,17.5
2010-08-10,14
2010-08-11,13.5
2010-08-12,18
2010-08-13,19
2010-08-14,13.5
2010-08-15,3.5
2010-08-16,5.5
2010-08-17,13
2010-08-18,14
2010-08-19,13.5
2010-08-20,17
2010-08-21,15
2010-08-22,14.5
2010-08-23,16.5
2010-08-24,17.5
2010-08-25,14.5
2010-08-26,15.5
2010-08-27,16
2010-08-28,21
2010-08-29,22.5
2010-08-30,22
2010-08-31,7.5
2010-09-01,14.5
2010-09-02,15.5
2010-09-03,16.5
2010-09-04,17
2010-09-05,15
2010-09-06,19
2010-09-07,19
2010-09-08,20.5
2010-09-09,19
2010-09-10,18.5
2010-09-11,16
2010-09-12,19
2010-09-13,23
2010-09-14,24.5
2010-09-15,28.5
2010-09-16,28.5
2010-09-17,28.5
2010-09-18,29
2010-09-19,28.5
2010-09-20,28.5
2010-09-21,28.5
2010-09-22,28.5
2010-09-23,29
2010-09-24,29
2010-09-25,29
2010-09-26,29
2010-09-27,29.5
2010-09-28,29.5
2010-09-29,29.5
2010-09-30,30
2010-10-01,33
2010-10-02,34.5
2010-10-03,34.5
2010-10-04,35.5
2010-10-05,36.5
2010-10-06,36
2010-10-07,36
2010-10-08,36
2010-10-09,36
2010-10-10,36
2010-10-11,35.5
2010-10-12,35.5
2010-10-13,35.5
2010-10-14,36.5
2010-10-15,37
2010-10-16,38.5
2010-10-17,0.5
2010-10-18,0.5
2010-10-19,0.5
2010-10-20,0.5
2010-10-21,0.5
2010-10-22,0.5
2010-10-23,0.5
2010-10-24,0.5
2010-10-25,0.5
2010-10-26,0.5
2010-10-27,0.5
2010-10-28,0.5
2010-10-29,0.5
2010-10-30,0.5
2010-10-31,0.5
2010-11-01,0.5
2010-11-02,0.5
2010-11-03,0.5
2010-11-04,0.5
2010-11-05,0.5
2010-11-06,0.5
2010-11-07,0.5
2010-11-08,0.5
2010-11-09,0.5
2010-11-10,0.5
2010-11-11,0.5
2010-11-12,0.5
2010-11-13,0.5
2010-11-14,0.5
2010-11-15,0.5
2010-11-16,0.5
2010-11-17,0.5
2010-11-18,0.5
2010-11-19,0.5
2010-11-20,0.5
2010-11-21,0.5
2010-11-22,0.5
2010-11-23,0.5
2010-11-24,0.5
2010-11-25,0.5
2010-11-26,0.5
2010-11-27,0.5
2010-11-28,0.5
2010-11-29,0.5
2010-11-30,0.5
2010-12-01,0.5
2010-12-02,0.5
2010-12-03,0.5
2010-12-04,0.5
2010-12-05,0.5
2010-12-06,0.5
2010-12-07,0.5
2010-12-08,0.5
2010-12-09,0.5
2010-12-10,0.5
2010-12-11,0.5
2010-12-12,0.5
2010-12-13,0.5
2010-12-14,0.5
2010-12-15,0.5
2010-12-16,0.5
2010-12-17,0.5
2010-12-18,0.5
2010-12-19,0.5
2010-12-20,0.5
2010-12-21,0.5
2010-12-22,0.5
2010-12-23,0.5
2010-12-24,0.5
2010-12-25,0.5
2010-12-26,0.5
2010-12-27,0.5
2010-12-28,0.5
2010-12-29,0.5
2010-12-30,0.5
2010-12-31,0.5
2011-01-01,0.5
2011-01-02,0.5
2011-01-03,0.5
2011-01-04,0.5
2011-01-05,0.5
2011-01-06,0.5
2011-01-07,0.5
2011-01-08,0.5
2011-01-09,0.5
2011-01-10,0.5
2011-01-11,0.5
2011-01-12,0.5
2011-01-13,0.5
2011-01-14,0.5
2011-01-15,0.5
2011-01-16,0.5
2011-01-17,0.5
2011-01-18,0.5
2011-01-19,0.5
2011-01-20,0.5
2011-01-21,0.5
2011-01-22,0.5
2011-01-23,0.5
2011-01-24,0.5
2011-01-25,0.5
2011-01-26,0.5
2011-01-27,0.5
2011-01-28,0.5
2011-01-29,0.5
2011-01-30,0.5
2011-01-31,0.5
2011-02-01,0.5
2011-02-02,0.5
2011-02-03,0.5
2011-02-04,0.5
2011-02-05,0.5
2011-02-06,0.5
2011-02-07,0.5
2011-02-08,0.5
2011-02-09,0.5
2011-02-10,0.5
2011-02-11,0.5
2011-02-12,0.5
2011-02-13,0.5
2011-02-14,0.5
2011-02-15,0.5
2011-02-16,0.5
2011-02-17,0.5
2011-02-18,0.5
2011-02-19,0.5
2011-02-20,0.5
2011-02-21,0.5
2011-02-22,0.5
2011-02-23,0.5
2011-02-24,0.5
2011-02-25,0.5
2011-02-26,0.5
2011-02-27,0.5
2011-02-28,0.5
2011-03-01,0.5
2011-03-02,0.5
2011-03-03,0.5
2011-03-04,0.5
2011-03-05,0.5
2011-03-06,0.5
2011-03-07,0.5
2011-03-08,0.5
2011-03-09,0.5
2011-03-10,0.5
2011-03-11,0.5
2011-03-12,0.5
2011-03-13,0.5
2011-03-14,0.5
2011-03-15,0.5
2011-03-16,0.5
2011-03-17,0.5
2011-03-18,0.5
2011-03-19,0.5
2011-03-20,0.5
2011-03-21,0.5
2011-03-22,0.5
2011-03-23,0.5
2011-03-24,0.5
2011-03-25,0.5
2011-03-26,0.5
2011-03-27,0.5
2011-03-28,0.5
2011-03-29,0.5
2011-03-30,0.5
2011-03-31,0.5
2011-04-01,0.5
2011-04-02,0.5
2011-04-03,0.5
2011-04-04,0.5
2011-04-05,0.5
2011-04-06,0.5
2011-04-07,0.5
2011-04-08,7.5
2011-04-09,0.5
2011-04-10,28
2011-04-11,0.5
2011-04-12,0.5
2011-04-13,0.5
2011-04-14,0.5
2011-04-15,0.5
2011-04-16,36
2011-04-17,19
2011-04-18,13
2011-04-19,8
2011-04-20,8
2011-04-21,6.5
2011-04-22,10.5
2011-04-23,11
2011-04-24,10.5
2011-04-25,9
2011-04-26,9.5
2011-04-27,10.5
2011-04-28,7
2011-04-29,6.5
2011-04-30,6
2011-05-01,10
2011-05-02,13
2011-05-03,17.5
2011-05-04,20
2011-05-05,22.5
2011-05-06,23.5
2011-05-07,23.5
2011-05-08,26.5
2011-05-09,30.5
2011-05-10,32.5
2011-05-11,34.5
2011-05-12,34.5
2011-05-13,35.5
2011-05-14,36.5
2011-05-15,37
2011-05-16,37.5
2011-05-17,36.5
2011-05-18,36.5
2011-05-19,37
2011-05-20,37
2011-05-21,37.5
2011-05-22,37
2011-05-23,0.5
2011-05-24,0.5
2011-05-25,0.5
2011-05-26,0.5
2011-05-27,0.5
2011-05-28,0.5
2011-05-29,0.5
2011-05-30,0.5
2011-05-31,0.5
2011-06-01,0.5
2011-06-02,42
2011-06-03,3
2011-06-04,38
2011-06-05,38.5
2011-06-06,20
2011-06-07,11
2011-06-08,0.5
2011-06-09,0.5
2011-06-10,25.5
2011-06-11,9
2011-06-12,17
2011-06-13,17.5
2011-06-14,17
2011-06-15,22
2011-06-16,22.5
2011-06-17,18
2011-06-18,13.5
2011-06-19,13.5
2011-06-20,12.5
2011-06-21,12.5
2011-06-22,16
2011-06-23,17.5
2011-06-24,20.5
2011-06-25,23.5
2011-06-26,23
2011-06-27,17.5
2011-06-28,17
2011-06-29,11.5
2011-06-30,10
2011-07-01,8
2011-07-02,10.5
2011-07-03,9
2011-07-04,7
2011-07-05,12.5
2011-07-06,9
2011-07-07,8
2011-07-08,9
2011-07-09,8.5
2011-07-10,9
2011-07-11,9
2011-07-12,4.5
2011-07-13,3.5
2011-07-14,6
2011-07-15,7
2011-07-16,10
2011-07-17,18
2011-07-18,24.5
2011-07-19,19.5
2011-07-20,14
2011-07-21,18
2011-07-22,11.5
2011-07-23,6.5
2011-07-24,3.5
2011-07-25,3
2011-07-26,4.5
2011-07-27,5
2011-07-28,9
2011-07-29,7.5
2011-07-30,8
2011-07-31,12.5
2011-08-01,7.5
2011-08-02,9
2011-08-03,9
2011-08-04,9
2011-08-05,10.5
2011-08-06,11.5
2011-08-07,8.5
2011-08-08,12.5
2011-08-09,14
2011-08-10,16
2011-08-11,12.5
2011-08-12,15
2011-08-13,16.5
2011-08-14,17
2011-08-15,17.5
2011-08-16,17.5
2011-08-17,14.5
2011-08-18,11
2011-08-19,20.5
2011-08-20,21.5
2011-08-21,18.5
2011-08-22,12.5
2011-08-23,12.5
2011-08-24,16.5
2011-08-25,20.5
2011-08-26,20.5
2011-08-27,24.5
2011-08-28,25.5
2011-08-29,26.5
2011-08-30,24
2011-08-31,16
2011-09-01,26.5
2011-09-02,27.5
2011-09-03,27.5
2011-09-04,30.5
2011-09-05,32.5
2011-09-06,41.5
2011-09-07,0.5
2011-09-08,0.5
2011-09-09,0.5
2011-09-10,0.5
2011-09-11,0.5
2011-09-12,0.5
2011-09-13,0.5
2011-09-14,0.5
2011-09-15,0.5
2011-09-16,0.5
2011-09-17,0.5
2011-09-18,0.5
2011-09-19,0.5
2011-09-20,0.5
2011-09-21,0.5
2011-09-22,0.5
2011-09-23,0.5
2011-09-24,0.5
2011-09-25,0.5
2011-09-26,0.5
2011-09-27,0.5
2011-09-28,0.5
2011-09-29,0.5
2011-09-30,0.5
2011-10-01,0.5
2011-10-02,0.5
2011-10-03,0.5
2011-10-04,0.5
2011-10-05,0.5
2011-10-06,0.5
2011-10-07,0.5
2011-10-08,0.5
2011-10-09,0.5
2011-10-10,0.5
2011-10-11,0.5
2011-10-12,0.5
2011-10-13,0.5
2011-10-14,0.5
2011-10-15,0.5
2011-10-16,0.5
2011-10-17,0.5
2011-10-18,0.5
2011-10-19,0.5
2011-10-20,0.5
2011-10-21,0.5
2011-10-22,0.5
2011-10-23,0.5
2011-10-24,0.5
2011-10-25,0.5
2011-10-26,0.5
2011-10-27,0.5
2011-10-28,0.5
2011-10-29,0.5
2011-10-30,0.5
2011-10-31,0.5
2011-11-01,0.5
2011-11-02,0.5
2011-11-03,0.5
2011-11-04,0.5
2011-11-05,0.5
2011-11-06,0.5
2011-11-07,0.5
2011-11-08,0.5
2011-11-09,0.5
2011-11-10,0.5
2011-11-11,0.5
2011-11-12,0.5
2011-11-13,0.5
2011-11-14,0.5
2011-11-15,0.5
2011-11-16,0.5
2011-11-17,0.5
2011-11-18,0.5
2011-11-19,0.5
2011-11-20,0.5
2011-11-21,0.5
2011-11-22,0.5
2011-11-23,0.5
2011-11-24,0.5
2011-11-25,0.5
2011-11-26,0.5
2011-11-27,0.5
2011-11-28,0.5
2011-11-29,0.5
2011-11-30,0.5
2011-12-01,0.5
2011-12-02,0.5
2011-12-03,0.5
2011-12-04,0.5
2011-12-05,0.5
2011-12-06,0.5
2011-12-07,0.5
2011-12-08,0.5
2011-12-09,0.5
2011-12-10,0.5
2011-12-11,0.5
2011-12-12,0.5
2011-12-13,0.5
2011-12-14,0.5
2011-12-15,0.5
2011-12-16,0.5
2011-12-17,0.5
2011-12-18,0.5
2011-12-19,0.5
2011-12-20,0.5
2011-12-21,0.5
2011-12-22,0.5
2011-12-23,0.5
2011-12-24,0.5
2011-12-25,0.5
2011-12-26,0.5
2011-12-27,0.5
2011-12-28,0.5
2011-12-29,0.5
2011-12-30,0.5
2011-12-31,0.5
2012-01-01,0.5
2012-01-02,0.5
2012-01-03,0.5
2012-01-04,0.5
2012-01-05,0.5
2012-01-06,0.5
2012-01-07,0.5
2012-01-08,0.5
2012-01-09,0.5
2012-01-10,0.5
2012-01-11,0.5
2012-01-12,0.5
2012-01-13,0.5
2012-01-14,0.5
2012-01-15,0.5
2012-01-16,0.5
2012-01-17,0.5
2012-01-18,0.5
2012-01-19,0.5
2012-01-20,0.5
2012-01-21,0.5
2012-01-22,0.5
2012-01-23,0.5
2012-01-24,0.5
2012-01-25,0.5
2012-01-26,0.5
2012-01-27,0.5
2012-01-28,0.5
2012-01-29,0.5
2012-01-30,0.5
2012-01-31,0.5
2012-02-01,0.5
2012-02-02,0.5
2012-02-03,0.5
2012-02-04,0.5
2012-02-05,0.5
2012-02-06,0.5
2012-02-07,0.5
2012-02-08,0.5
2012-02-09,0.5
2012-02-10,0.5
2012-02-11,0.5
2012-02-12,0.5
2012-02-13,0.5
2012-02-14,0.5
2012-02-15,0.5
2012-02-16,0.5
2012-02-17,0.5
2012-02-18,0.5
2012-02-19,0.5
2012-02-20,0.5
2012-02-21,0.5
2012-02-22,0.5
2012-02-23,0.5
2012-02-24,0.5
2012-02-25,0.5
2012-02-26,0.5
2012-02-27,0.5
2012-02-28,0.5
2012-02-29,0.5
2012-03-01,0.5
2012-03-02,0.5
2012-03-03,0.5
2012-03-04,0.5
2012-03-05,0.5
2012-03-06,0.5
2012-03-07,0.5
2012-03-08,0.5
2012-03-09,0.5
2012-03-10,0.5
2012-03-11,0.5
2012-03-12,0.5
2012-03-13,0.5
2012-03-14,0.5
2012-03-15,0.5
2012-03-16,0.5
2012-03-17,0.5
2012-03-18,0.5
2012-03-19,0.5
2012-03-20,0.5
2012-03-21,0.5
2012-03-22,0.5
2012-03-23,0.5
2012-03-24,0.5
2012-03-25,0.5
2012-03-26,0.5
2012-03-27,0.5
2012-03-28,0.5
2012-03-29,0.5
2012-03-30,0.5
2012-03-31,0.5
2012-04-01,0.5
2012-04-02,0.5
2012-04-03,0.5
2012-04-04,0.5
2012-04-05,0.5
2012-04-06,0.5
2012-04-07,0.5
2012-04-08,0.5
2012-04-09,0.5
2012-04-10,0.5
2012-04-11,0.5
2012-04-12,0.5
2012-04-13,0.5
2012-04-14,0.5
2012-04-15,0.5
2012-04-16,0.5
2012-04-17,0.5
2012-04-18,0.5
2012-04-19,0.5
2012-04-20,0.5
2012-04-21,0.5
2012-04-22,0.5
2012-04-23,0.5
2012-04-24,0.5
2012-04-25,0.5
2012-04-26,0.5
2012-04-27,0.5
2012-04-28,0.5
2012-04-29,0.5
2012-04-30,0.5
2012-05-01,0.5
2012-05-02,0.5
2012-05-03,0.5
2012-05-04,0.5
2012-05-05,0.5
2012-05-06,0.5
2012-05-07,0.5
2012-05-08,0.5
2012-05-09,0.5
2012-05-10,0.5
2012-05-11,0.5
2012-05-12,0.5
2012-05-13,0.5
2012-05-14,0.5
2012-05-15,0.5
2012-05-16,0.5
2012-05-17,0.5
2012-05-18,0.5
2012-05-19,0.5
2012-05-20,0.5
2012-05-21,0.5
2012-05-22,0.5
2012-05-23,31
2012-05-24,3.5
2012-05-25,3.5
2012-05-26,5.5
2012-05-27,3.5
2012-05-28,3
2012-05-29,2.5
2012-05-30,3.5
2012-05-31,4
2012-06-01,3.5
2012-06-02,4.5
2012-06-03,6
2012-06-04,5
2012-06-05,7
2012-06-06,5
2012-06-07,6.5
2012-06-08,12.5
2012-06-09,8
2012-06-10,4
2012-06-11,5
2012-06-12,9.5
2012-06-13,7
2012-06-14,9
2012-06-15,13
2012-06-16,16.5
2012-06-17,7.5
2012-06-18,11
2012-06-19,8
2012-06-20,6
2012-06-21,7.5
2012-06-22,14.5
2012-06-23,17.5
2012-06-24,12
2012-06-25,4
2012-06-26,9.5
2012-06-27,7.5
2012-06-28,8.5
2012-06-29,9.5
2012-06-30,10.5
2012-07-01,12.5
2012-07-02,3.5
2012-07-03,10
2012-07-04,9
2012-07-05,4.5
2012-07-06,5.5
2012-07-07,12.5
2012-07-08,14
2012-07-09,15
2012-07-10,15
2012-07-11,15.5
2012-07-12,10
2012-07-13,10
2012-07-14,12.5
2012-07-15,12
2012-07-16,12.5
2012-07-17,11
2012-07-18,11
2012-07-19,11.5
2012-07-20,10.5
2012-07-21,13
2012-07-22,17
2012-07-23,14
2012-07-24,11.5
2012-07-25,5.5
2012-07-26,4
2012-07-27,10.5
2012-07-28,16
2012-07-29,16.5
2012-07-30,5
2012-07-31,8
2012-08-01,17.5
2012-08-02,18
2012-08-03,18.5
2012-08-04,16
2012-08-05,18
2012-08-06,17.5
2012-08-07,3.5
2012-08-08,2.5
2012-08-09,2
2012-08-10,2.5
2012-08-11,5.5
2012-08-12,5.5
2012-08-13,6.5
2012-08-14,6
2012-08-15,8
2012-08-16,12.5
2012-08-17,5
2012-08-18,9.5
2012-08-19,11.5
2012-08-20,12
2012-08-21,12.5
2012-08-22,12
2012-08-23,12
2012-08-24,12.5
2012-08-25,12.5
2012-08-26,14
2012-08-27,18
2012-08-28,18
2012-08-29,19
2012-08-30,19.5
2012-08-31,21.5
2012-09-01,22.5
2012-09-02,21.5
2012-09-03,23
2012-09-04,22.5
2012-09-05,17
2012-09-06,24
2012-09-07,23.5
2012-09-08,23
2012-09-09,23.5
2012-09-10,23.5
2012-09-11,25
2012-09-12,26
2012-09-13,28.5
2012-09-14,29
2012-09-15,29
2012-09-16,29.5
2012-09-17,30
2012-09-18,31
2012-09-19,32
2012-09-20,34.5
2012-09-21,35
2012-09-22,35
2012-09-23,36
2012-09-24,35.5
2012-09-25,37
2012-09-26,40
2012-09-27,40
2012-09-28,41
2012-09-29,0.5
2012-09-30,0.5
2012-10-01,0.5
2012-10-02,0.5
2012-10-03,0.5
2012-10-04,0.5
2012-10-05,0.5
2012-10-06,0.5
2012-10-07,0.5
2012-10-08,0.5
2012-10-09,0.5
2012-10-10,0.5
2012-10-11,0.5
2012-10-12,0.5
2012-10-13,0.5
2012-10-14,0.5
2012-10-15,0.5
2012-10-16,0.5
2012-10-17,0.5
2012-10-18,0.5
2012-10-19,0.5
2012-10-20,0.5
2012-10-21,0.5
2012-10-22,0.5
2012-10-23,0.5
2012-10-24,0.5
2012-10-25,0.5
2012-10-26,0.5
2012-10-27,0.5
2012-10-28,0.5
2012-10-29,0.5
2012-10-30,0.5
2012-10-31,0.5
2012-11-01,0.5
2012-11-02,0.5
2012-11-03,0.5
2012-11-04,0.5
2012-11-05,0.5
2012-11-06,0.5
2012-11-07,0.5
2012-11-08,0.5
2012-11-09,0.5
2012-11-10,0.5
2012-11-11,0.5
2012-11-12,0.5
2012-11-13,0.5
2012-11-14,0.5
2012-11-15,0.5
2012-11-16,0.5
2012-11-17,0.5
2012-11-18,0.5
2012-11-19,0.5
2012-11-20,0.5
2012-11-21,0.5
2012-11-22,0.5
2012-11-23,0.5
2012-11-24,0.5
2012-11-25,0.5
2012-11-26,0.5
2012-11-27,0.5
2012-11-28,0.5
2012-11-29,0.5
2012-11-30,0.5
2012-12-01,0.5
2012-12-02,0.5
2012-12-03,0.5
2012-12-04,0.5
2012-12-05,0.5
2012-12-06,0.5
2012-12-07,0.5
2012-12-08,0.5
2012-12-09,0.5
2012-12-10,0.5
2012-12-11,0.5
2012-12-12,0.5
2012-12-13,0.5
2012-12-14,0.5
2012-12-15,0.5
2012-12-16,0.5
2012-12-17,0.5
2012-12-18,0.5
2012-12-19,0.5
2012-12-20,0.5
2012-12-21,0.5
2012-12-22,0.5
2012-12-23,0.5
2012-12-24,0.5
2012-12-25,0.5
2012-12-26,0.5
2012-12-27,0.5
2012-12-28,0.5
2012-12-29,0.5
2012-12-30,0.5
2012-12-31,0.5
2013-01-01,0.5
2013-01-02,0.5
2013-01-03,0.5
2013-01-04,0.5
2013-01-05,0.5
2013-01-06,0.5
2013-01-07,0.5
2013-01-08,0.5
2013-01-09,0.5
2013-01-10,0.5
2013-01-11,0.5
2013-01-12,0.5
2013-01-13,0.5
2013-01-14,0.5
2013-01-15,0.5
2013-01-16,0.5
2013-01-17,0.5
2013-01-18,0.5
2013-01-19,0.5
2013-01-20,0.5
2013-01-21,0.5
2013-01-22,0.5
2013-01-23,0.5
2013-01-24,0.5
2013-01-25,0.5
2013-01-26,0.5
2013-01-27,0.5
2013-01-28,0.5
2013-01-29,0.5
2013-01-30,0.5
2013-01-31,0.5
2013-02-01,0.5
2013-02-02,0.5
2013-02-03,0.5
2013-02-04,0.5
2013-02-05,0.5
2013-02-06,0.5
2013-02-07,0.5
2013-02-08,0.5
2013-02-09,0.5
2013-02-10,0.5
2013-02-11,0.5
2013-02-12,0.5
2013-02-13,0.5
2013-02-14,0.5
2013-02-15,0.5
2013-02-16,0.5
2013-02-17,0.5
2013-02-18,0.5
2013-02-19,0.5
2013-02-20,0.5
2013-02-21,0.5
2013-02-22,0.5
2013-02-23,0.5
2013-02-24,0.5
2013-02-25,0.5
2013-02-26,0.5
2013-02-27,0.5
2013-02-28,0.5
2013-03-01,0.5
2013-03-02,0.5
2013-03-03,0.5
2013-03-04,0.5
2013-03-05,0.5
2013-03-06,0.5
2013-03-07,0.5
2013-03-08,0.5
2013-03-09,0.5
2013-03-10,0.5
2013-03-11,0.5
2013-03-12,0.5
2013-03-13,0.5
2013-03-14,0.5
2013-03-15,0.5
2013-03-16,0.5
2013-03-17,0.5
2013-03-18,0.5
2013-03-19,0.5
2013-03-20,0.5
2013-03-21,0.5
2013-03-22,0.5
2013-03-23,0.5
2013-03-24,0.5
2013-03-25,0.5
2013-03-26,0.5
2013-03-27,0.5
2013-03-28,0.5
2013-03-29,0.5
2013-03-30,0.5
2013-03-31,0.5
2013-04-01,0.5
2013-04-02,0.5
2013-04-03,0.5
2013-04-04,0.5
2013-04-05,0.5
2013-04-06,0.5
2013-04-07,0.5
2013-04-08,0.5
2013-04-09,0.5
2013-04-10,0.5
2013-04-11,0.5
2013-04-12,0.5
2013-04-13,0.5
2013-04-14,0.5
2013-04-15,0.5
2013-04-16,0.5
2013-04-17,0.5
2013-04-18,0.5
2013-04-19,0.5
2013-04-20,0.5
2013-04-21,0.5
2013-04-22,0.5
2013-04-23,0.5
2013-04-24,0.5
2013-04-25,0.5
2013-04-26,0.5
2013-04-27,0.5
2013-04-28,0.5
2013-04-29,0.5
2013-04-30,0.5
2013-05-01,0.5
2013-05-02,0.5
2013-05-03,0.5
2013-05-04,0.5
2013-05-05,0.5
2013-05-06,0.5
2013-05-07,0.5
2013-05-08,0.5
2013-05-09,0.5
2013-05-10,0.5
2013-05-11,0.5
2013-05-12,0.5
2013-05-13,0.5
2013-05-14,0.5
2013-05-15,0.5
2013-05-16,0.5
2013-05-17,0.5
2013-05-18,0.5
2013-05-19,0.5
2013-05-20,0.5
2013-05-21,0.5
2013-05-22,0.5
2013-05-23,0.5
2013-05-24,0.5
2013-05-25,0.5
2013-05-26,0.5
2013-05-27,0.5
2013-05-28,0.5
2013-05-29,28.5
2013-05-30,30
2013-05-31,17
2013-06-01,17
2013-06-02,14.5
2013-06-03,6
2013-06-04,3
2013-06-05,3
2013-06-06,2.5
2013-06-07,2.5
2013-06-08,2
2013-06-09,2
2013-06-10,4.5
2013-06-11,5
2013-06-12,3.5
2013-06-13,5.5
2013-06-14,8
2013-06-15,7
2013-06-16,6.5
2013-06-17,4
2013-06-18,5
2013-06-19,6.5
2013-06-20,9
2013-06-21,9
2013-06-22,12
2013-06-23,15
2013-06-24,7.5
2013-06-25,6
2013-06-26,3.5
2013-06-27,5.5
2013-06-28,8
2013-06-29,7.5
2013-06-30,12.5
2013-07-01,10.5
2013-07-02,15.5
2013-07-03,14.5
2013-07-04,16
2013-07-05,17
2013-07-06,17.5
2013-07-07,3.5
2013-07-08,2
2013-07-09,2
2013-07-10,2
2013-07-11,2
2013-07-12,2
2013-07-13,3
2013-07-14,2.5
2013-07-15,3.5
2013-07-16,4
2013-07-17,3.5
2013-07-18,2.5
2013-07-19,2.5
2013-07-20,3
2013-07-21,3.5
2013-07-22,3.5
2013-07-23,3.5
2013-07-24,5
2013-07-25,3.5
2013-07-26,3
2013-07-27,3.5
2013-07-28,4.5
2013-07-29,5.5
2013-07-30,6
2013-07-31,6
2013-08-01,6
2013-08-02,9.5
2013-08-03,8
2013-08-04,7
2013-08-05,7
2013-08-06,8
2013-08-07,7.5
2013-08-08,9
2013-08-09,9.5
2013-08-10,9.5
2013-08-11,10.5
2013-08-12,12
2013-08-13,11.5
2013-08-14,12
2013-08-15,12
2013-08-16,11
2013-08-17,12.5
2013-08-18,12.5
2013-08-19,12.5
2013-08-20,13.5
2013-08-21,15
2013-08-22,12.5
2013-08-23,12.5
2013-08-24,12.5
2013-08-25,12.5
2013-08-26,12
2013-08-27,12.5
2013-08-28,11.5
2013-08-29,13.5
2013-08-30,14.5
2013-08-31,14.5
2013-09-01,16.5
2013-09-02,17
2013-09-03,18
2013-09-04,18
2013-09-05,17.5
2013-09-06,18
2013-09-07,19.5
2013-09-08,19.5
2013-09-09,19
2013-09-10,19.5
2013-09-11,20
2013-09-12,20
2013-09-13,18.5
2013-09-14,20
2013-09-15,23.5
2013-09-16,25.5
2013-09-17,26
2013-09-18,28
2013-09-19,29
2013-09-20,29.5
2013-09-21,29.5
2013-09-22,29
2013-09-23,28
2013-09-24,23.5
2013-09-25,13.5
2013-09-26,14.5
2013-09-27,16.5
2013-09-28,11
2013-09-29,16.5
2013-09-30,23.5
2013-10-01,25.5
2013-10-02,26
2013-10-03,25.5
2013-10-04,24
2013-10-05,28.5
2013-10-06,26.5
2013-10-07,28
2013-10-08,27
2013-10-09,29
2013-10-10,30
2013-10-11,30.5
2013-10-12,31.5
2013-10-13,32
2013-10-14,34
2013-10-15,34.5
2013-10-16,35
2013-10-17,35.5
2013-10-18,36.5
2013-10-19,36.5
2013-10-20,35.5
2013-10-21,35.5
2013-10-22,36
2013-10-23,37.5
2013-10-24,37.5
2013-10-25,37.5
2013-10-26,38
2013-10-27,0.5
2013-10-28,0.5
2013-10-29,0.5
2013-10-30,0.5
2013-10-31,0.5
2013-11-01,0.5
2013-11-02,0.5
2013-11-03,0.5
2013-11-04,0.5
2013-11-05,0.5
2013-11-06,0.5
2013-11-07,0.5
2013-11-08,0.5
2013-11-09,0.5
2013-11-10,0.5
2013-11-11,0.5
2013-11-12,0.5
2013-11-13,0.5
2013-11-14,0.5
2013-11-15,0.5
2013-11-16,0.5
2013-11-17,0.5
2013-11-18,0.5
2013-11-19,0.5
2013-11-20,0.5
2013-11-21,0.5
2013-11-22,0.5
2013-11-23,0.5
2013-11-24,0.5
2013-11-25,0.5
2013-11-26,0.5
2013-11-27,0.5
2013-11-28,0.5
2013-11-29,0.5
2013-11-30,0.5
2013-12-01,0.5
2013-12-02,0.5
2013-12-03,0.5
2013-12-04,0.5
2013-12-05,0.5
2013-12-06,0.5
2013-12-07,0.5
2013-12-08,0.5
2013-12-09,0.5
2013-12-10,0.5
2013-12-11,0.5
2013-12-12,0.5
2013-12-13,0.5
2013-12-14,0.5
2013-12-15,0.5
2013-12-16,0.5
2013-12-17,0.5
2013-12-18,0.5
2013-12-19,0.5
2013-12-20,0.5
2013-12-21,0.5
2013-12-22,0.5
2013-12-23,0.5
2013-12-24,0.5
2013-12-25,0.5
2013-12-26,0.5
2013-12-27,0.5
2013-12-28,0.5
2013-12-29,0.5
2013-12-30,0.5
2013-12-31,0.5
2014-01-01,0.5
2014-01-02,0.5
2014-01-03,0.5
2014-01-04,0.5
2014-01-05,0.5
2014-01-06,0.5
2014-01-07,0.5
2014-01-08,0.5
2014-01-09,0.5
2014-01-10,0.5
2014-01-11,0.5
2014-01-12,0.5
2014-01-13,0.5
2014-01-14,0.5
2014-01-15,0.5
2014-01-16,0.5
2014-01-17,0.5
2014-01-18,0.5
2014-01-19,0.5
2014-01-20,0.5
2014-01-21,0.5
2014-01-22,0.5
2014-01-23,0.5
2014-01-24,0.5
2014-01-25,0.5
2014-01-26,0.5
2014-01-27,0.5
2014-01-28,0.5
2014-01-29,0.5
2014-01-30,0.5
2014-01-31,0.5
2014-02-01,0.5
2014-02-02,0.5
2014-02-03,0.5
2014-02-04,0.5
2014-02-05,0.5
2014-02-06,0.5
2014-02-07,0.5
2014-02-08,0.5
2014-02-09,0.5
2014-02-10,0.5
2014-02-11,0.5
2014-02-12,0.5
2014-02-13,0.5
2014-02-14,0.5
2014-02-15,0.5
2014-02-16,0.5
2014-02-17,0.5
2014-02-18,0.5
2014-02-19,0.5
2014-02-20,0.5
2014-02-21,0.5
2014-02-22,0.5
2014-02-23,0.5
2014-02-24,0.5
2014-02-25,0.5
2014-02-26,0.5
2014-02-27,0.5
2014-02-28,0.5
2014-03-01,0.5
2014-03-02,0.5
2014-03-03,0.5
2014-03-04,0.5
2014-03-05,0.5
2014-03-06,0.5
2014-03-07,0.5
2014-03-08,0.5
2014-03-09,0.5
2014-03-10,0.5
2014-03-11,0.5
2014-03-12,0.5
2014-03-13,0.5
2014-03-14,0.5
2014-03-15,0.5
2014-03-16,0.5
2014-03-17,0.5
2014-03-18,0.5
2014-03-19,0.5
2014-03-20,0.5
2014-03-21,0.5
2014-03-22,0.5
2014-03-23,0.5
2014-03-24,0.5
2014-03-25,0.5
2014-03-26,0.5
2014-03-27,0.5
2014-03-28,0.5
2014-03-29,0.5
2014-03-30,0.5
2014-03-31,0.5
2014-04-01,0.5
2014-04-02,0.5
2014-04-03,0.5
2014-04-04,0.5
2014-04-05,0.5
2014-04-06,0.5
2014-04-07,0.5
2014-04-08,0.5
2014-04-09,0.5
2014-04-10,0.5
2014-04-11,0.5
2014-04-12,0.5
2014-04-13,0.5
2014-04-14,0.5
2014-04-15,0.5
2014-04-16,0.5
2014-04-17,0.5
2014-04-18,0.5
2014-04-19,0.5
2014-04-20,0.5
2014-04-21,0.5
2014-04-22,0.5
2014-04-23,0.5
2014-04-24,24
2014-04-25,28
2014-04-26,31.5
2014-04-27,12.5
2014-04-28,6
2014-04-29,3.5
2014-04-30,7.5
2014-05-01,5
2014-05-02,9
2014-05-03,12.5
2014-05-04,12
2014-05-05,20
2014-05-06,18.5
2014-05-07,22
2014-05-08,24
2014-05-09,27
2014-05-10,26.5
2014-05-11,27.5
2014-05-12,29
2014-05-13,27.5
2014-05-14,27.5
2014-05-15,21.5
2014-05-16,18.5
2014-05-17,21
2014-05-18,20.5
2014-05-19,18
2014-05-20,20.5
2014-05-21,22
2014-05-22,25.5
2014-05-23,31
2014-05-24,33
2014-05-25,32.5
2014-05-26,22.5
2014-05-27,5.5
2014-05-28,3
2014-05-29,4
2014-05-30,3.5
2014-05-31,4.5
2014-06-01,8.5
2014-06-02,7
2014-06-03,8
2014-06-04,7
2014-06-05,8
2014-06-06,11
2014-06-07,12.5
2014-06-08,12.5
2014-06-09,12
2014-06-10,7
2014-06-11,7.5
2014-06-12,10.5
2014-06-13,9.5
2014-06-14,6.5
2014-06-15,6.5
2014-06-16,8
2014-06-17,3.5
2014-06-18,3
2014-06-19,7
2014-06-20,6
2014-06-21,6.5
2014-06-22,5
2014-06-23,4.5
2014-06-24,3.5
2014-06-25,3.5
2014-06-26,6
2014-06-27,6.5
2014-06-28,6.5
2014-06-29,6.5
2014-06-30,4.5
2014-07-01,3
2014-07-02,6
2014-07-03,8.5
2014-07-04,10
2014-07-05,9.5
2014-07-06,10
2014-07-07,9.5
2014-07-08,10
2014-07-09,10
2014-07-10,9
2014-07-11,9.5
2014-07-12,10.5
2014-07-13,10
2014-07-14,12
2014-07-15,10
2014-07-16,12.5
2014-07-17,12
2014-07-18,11
2014-07-19,4.5
2014-07-20,6
2014-07-21,9
2014-07-22,7.5
2014-07-23,3.5
2014-07-24,4
2014-07-25,2.5
2014-07-26,3
2014-07-27,6.5
2014-07-28,7.5
2014-07-29,8.5
2014-07-30,9
2014-07-31,9
2014-08-01,9
2014-08-02,9.5
2014-08-03,12
2014-08-04,7
2014-08-05,5
2014-08-06,7
2014-08-07,9
2014-08-08,11
2014-08-09,11
2014-08-10,10
2014-08-11,12
2014-08-12,12.5
2014-08-13,13
2014-08-14,13.5
2014-08-15,13.5
2014-08-16,15
2014-08-17,15.5
2014-08-18,16
2014-08-19,16.5
2014-08-20,17
2014-08-21,17
2014-08-22,17
2014-08-23,17
2014-08-24,17.5
2014-08-25,18
2014-08-26,18.5
2014-08-27,19
2014-08-28,20
2014-08-29,19.5
2014-08-30,18.5
2014-08-31,20.5
2014-09-01,19.5
2014-09-02,19.5
2014-09-03,17.5
2014-09-04,10
2014-09-05,11
2014-09-06,20
2014-09-07,21
2014-09-08,19.5
2014-09-09,14
2014-09-10,5.5
2014-09-11,5.5
2014-09-12,9
2014-09-13,8
2014-09-14,7.5
2014-09-15,7.5
2014-09-16,6.5
2014-09-17,7
2014-09-18,6.5
2014-09-19,10
2014-09-20,14.5
2014-09-21,12.5
2014-09-22,13.5
2014-09-23,14
2014-09-24,14.5
2014-09-25,17.5
2014-09-26,18.5
2014-09-27,18.5
2014-09-28,19
2014-09-29,18
2014-09-30,19.5
2014-10-01,19.5
2014-10-02,22.5
2014-10-03,24
2014-10-04,24.5
2014-10-05,27
2014-10-06,30
2014-10-07,30.5
2014-10-08,32
2014-10-09,35
2014-10-10,35.5
2014-10-11,35
2014-10-12,35
2014-10-13,37.5
2014-10-14,38.5
2014-10-15,38.5
2014-10-16,38.5
2014-10-17,39
2014-10-18,40
2014-10-19,0.5
2014-10-20,0.5
2014-10-21,0.5
2014-10-22,0.5
2014-10-23,0.5
2014-10-24,0.5
2014-10-25,0.5
2014-10-26,0.5
2014-10-27,0.5
2014-10-28,0.5
2014-10-29,0.5
2014-10-30,0.5
2014-10-31,0.5
2014-11-01,0.5
2014-11-02,0.5
2014-11-03,0.5
2014-11-04,0.5
2014-11-05,0.5
2014-11-06,0.5
2014-11-07,0.5
2014-11-08,0.5
2014-11-09,0.5
2014-11-10,0.5
2014-11-11,0.5
2014-11-12,0.5
2014-11-13,0.5
2014-11-14,0.5
2014-11-15,0.5
2014-11-16,0.5
2014-11-17,0.5
2014-11-18,0.5
2014-11-19,0.5
2014-11-20,0.5
2014-11-21,0.5
2014-11-22,0.5
2014-11-23,0.5
2014-11-24,0.5
2014-11-25,0.5
2014-11-26,0.5
2014-11-27,0.5
2014-11-28,0.5
2014-11-29,0.5
2014-11-30,0.5
2014-12-01,0.5
2014-12-02,0.5
2014-12-03,0.5
2014-12-04,0.5
2014-12-05,0.5
2014-12-06,0.5
2014-12-07,0.5
2014-12-08,0.5
2014-12-09,0.5
2014-12-10,0.5
2014-12-11,0.5
2014-12-12,0.5
2014-12-13,0.5
2014-12-14,0.5
2014-12-15,0.5
2014-12-16,0.5
2014-12-17,0.5
2014-12-18,0.5
2014-12-19,0.5
2014-12-20,0.5
2014-12-21,0.5
2014-12-22,0.5
2014-12-23,0.5
2014-12-24,0.5
2014-12-25,0.5
2014-12-26,0.5
2014-12-27,0.5
2014-12-28,0.5
2014-12-29,0.5
2014-12-30,0.5
2014-12-31,0.5
2015-01-01,0.5
2015-01-02,0.5
2015-01-03,0.5
2015-01-04,0.5
2015-01-05,0.5
2015-01-06,0.5
2015-01-07,0.5
2015-01-08,0.5
2015-01-09,0.5
2015-01-10,0.5
2015-01-11,0.5
2015-01-12,0.5
2015-01-13,0.5
2015-01-14,0.5
2015-01-15,0.5
2015-01-16,0.5
2015-01-17,0.5
2015-01-18,0.5
2015-01-19,0.5
2015-01-20,0.5
2015-01-21,0.5
2015-01-22,0.5
2015-01-23,0.5
2015-01-24,0.5
2015-01-25,0.5
2015-01-26,0.5
2015-01-27,0.5
2015-01-28,0.5
2015-01-29,0.5
2015-01-30,0.5
2015-01-31,0.5
2015-02-01,0.5
2015-02-02,0.5
2015-02-03,0.5
2015-02-04,0.5
2015-02-05,0.5
2015-02-06,0.5
2015-02-07,0.5
2015-02-08,0.5
2015-02-09,0.5
2015-02-10,0.5
2015-02-11,0.5
2015-02-12,0.5
2015-02-13,0.5
2015-02-14,0.5
2015-02-15,0.5
2015-02-16,0.5
2015-02-17,0.5
2015-02-18,0.5
2015-02-19,0.5
2015-02-20,0.5
2015-02-21,0.5
2015-02-22,0.5
2015-02-23,0.5
2015-02-24,0.5
2015-02-25,0.5
2015-02-26,0.5
2015-02-27,0.5
2015-02-28,0.5
2015-03-01,0.5
2015-03-02,0.5
2015-03-03,0.5
2015-03-04,0.5
2015-03-05,0.5
2015-03-06,0.5
2015-03-07,0.5
2015-03-08,0.5
2015-03-09,0.5
2015-03-10,0.5
2015-03-11,0.5
2015-03-12,0.5
2015-03-13,0.5
2015-03-14,0.5
2015-03-15,0.5
2015-03-16,0.5
2015-03-17,0.5
2015-03-18,0.5
2015-03-19,0.5
2015-03-20,0.5
2015-03-21,0.5
2015-03-22,0.5
2015-03-23,0.5
2015-03-24,0.5
2015-03-25,0.5
2015-03-26,0.5
2015-03-27,0.5
2015-03-28,0.5
2015-03-29,0.5
2015-03-30,0.5
2015-03-31,0.5
2015-04-01,0.5
2015-04-02,0.5
2015-04-03,0.5
2015-04-04,0.5
2015-04-05,0.5
2015-04-06,0.5
2015-04-07,0.5
2015-04-08,13
2015-04-09,12.5
2015-04-10,36.5
2015-04-11,0.5
2015-04-12,0.5
2015-04-13,0.5
2015-04-14,0.5
2015-04-15,0.5
2015-04-16,41
2015-04-17,0.5
2015-04-18,0.5
2015-04-19,31
2015-04-20,17.5
2015-04-21,5
2015-04-22,5
2015-04-23,4
2015-04-24,4.5
2015-04-25,12.5
2015-04-26,19
2015-04-27,35.5
2015-04-28,0.5
2015-04-29,0.5
2015-04-30,0.5
2015-05-01,0.5
2015-05-02,0.5
2015-05-03,0.5
2015-05-04,0.5
2015-05-05,0.5
2015-05-06,0.5
2015-05-07,0.5
2015-05-08,0.5
2015-05-09,0.5
2015-05-10,0.5
2015-05-11,0.5
2015-05-12,0.5
2015-05-13,0.5
2015-05-14,0.5
2015-05-15,0.5
2015-05-16,0.5
2015-05-17,0.5
2015-05-18,0.5
2015-05-19,0.5
2015-05-20,0.5
2015-05-21,0.5
2015-05-22,0.5
2015-05-23,0.5
2015-05-24,0.5
2015-05-25,0.5
2015-05-26,0.5
2015-05-27,36.5
2015-05-28,0.5
2015-05-29,0.5
2015-05-30,0.5
2015-05-31,0.5
2015-06-01,0.5
2015-06-02,0.5
2015-06-03,0.5
2015-06-04,0.5
2015-06-05,0.5
2015-06-06,0.5
2015-06-07,0.5
2015-06-08,0.5
2015-06-09,7
2015-06-10,5.5
2015-06-11,5.5
2015-06-12,9
2015-06-13,12.5
2015-06-14,8.5
2015-06-15,6.5
2015-06-16,10.5
2015-06-17,9
2015-06-18,9
2015-06-19,9
2015-06-20,10
2015-06-21,10.5
2015-06-22,10.5
2015-06-23,9
2015-06-24,4.5
2015-06-25,6.5
2015-06-26,12
2015-06-27,12
2015-06-28,13
2015-06-29,12.5
2015-06-30,14.5
2015-07-01,9
2015-07-02,6.5
2015-07-03,11
2015-07-04,14
2015-07-05,12
2015-07-06,13
2015-07-07,13.5
2015-07-08,14.5
2015-07-09,15.5
2015-07-10,16.5
2015-07-11,17.5
2015-07-12,16
2015-07-13,13
2015-07-14,7.5
2015-07-15,7.5
2015-07-16,15
2015-07-17,19
2015-07-18,19.5
2015-07-19,19
2015-07-20,21
2015-07-21,20.5
2015-07-22,21
2015-07-23,21
2015-07-24,17.5
2015-07-25,13
2015-07-26,21.5
2015-07-27,19.5
2015-07-28,21.5
2015-07-29,22
2015-07-30,22.5
2015-07-31,22.5
2015-08-01,23
2015-08-02,24
2015-08-03,27
2015-08-04,29
2015-08-05,29.5
2015-08-06,30
2015-08-07,26.5
2015-08-08,28
2015-08-09,28
2015-08-10,23.5
2015-08-11,21.5
2015-08-12,26.5
2015-08-13,21
2015-08-14,12
2015-08-15,14
2015-08-16,6.5
2015-08-17,3
2015-08-18,3
2015-08-19,6.5
2015-08-20,10.5
2015-08-21,14.5
2015-08-22,11
2015-08-23,10.5
2015-08-24,21
2015-08-25,22.5
2015-08-26,23.5
2015-08-27,25
2015-08-28,27
2015-08-29,27.5
2015-08-30,24.5
2015-08-31,20
2015-09-01,29
2015-09-02,30
2015-09-03,31.5
2015-09-04,33.5
2015-09-05,33.5
2015-09-06,33
2015-09-07,31.5
2015-09-08,34
2015-09-09,33.5
2015-09-10,34.5
2015-09-11,34.5
2015-09-12,34.5
2015-09-13,34
2015-09-14,33.5
2015-09-15,34
2015-09-16,34.5
2015-09-17,34
2015-09-18,34.5
2015-09-19,34.5
2015-09-20,35
2015-09-21,35.5
2015-09-22,36
2015-09-23,37
2015-09-24,39
2015-09-25,0.5
2015-09-26,0.5
2015-09-27,0.5
2015-09-28,0.5
2015-09-29,0.5
2015-09-30,0.5
2015-10-01,0.5
2015-10-02,0.5
2015-10-03,0.5
2015-10-04,0.5
2015-10-05,0.5
2015-10-06,0.5
2015-10-07,0.5
2015-10-08,0.5
2015-10-09,0.5
2015-10-10,0.5
2015-10-11,0.5
2015-10-12,0.5
2015-10-13,0.5
2015-10-14,0.5
2015-10-15,0.5
2015-10-16,0.5
2015-10-17,0.5
2015-10-18,0.5
2015-10-19,0.5
2015-10-20,0.5
2015-10-21,0.5
2015-10-22,0.5
2015-10-23,0.5
2015-10-24,0.5
2015-10-25,0.5
2015-10-26,0.5
2015-10-27,0.5
2015-10-28,0.5
2015-10-29,0.5
2015-10-30,0.5
2015-10-31,0.5
2015-11-01,0.5
2015-11-02,0.5
2015-11-03,0.5
2015-11-04,0.5
2015-11-05,0.5
2015-11-06,0.5
2015-11-07,0.5
2015-11-08,0.5
2015-11-09,0.5
2015-11-10,0.5
2015-11-11,0.5
2015-11-12,0.5
2015-11-13,0.5
2015-11-14,0.5
2015-11-15,0.5
2015-11-16,0.5
2015-11-17,0.5
2015-11-18,0.5
2015-11-19,0.5
2015-11-20,0.5
2015-11-21,0.5
2015-11-22,0.5
2015-11-23,0.5
2015-11-24,0.5
2015-11-25,0.5
2015-11-26,0.5
2015-11-27,0.5
2015-11-28,0.5
2015-11-29,0.5
2015-11-30,0.5
2015-12-01,0.5
2015-12-02,0.5
2015-12-03,0.5
2015-12-04,0.5
2015-12-05,0.5
2015-12-06,0.5
2015-12-07,0.5
2015-12-08,0.5
2015-12-09,0.5
2015-12-10,0.5
2015-12-11,0.5
2015-12-12,0.5
2015-12-13,0.5
2015-12-14,0.5
2015-12-15,0.5
2015-12-16,0.5
2015-12-17,0.5
2015-12-18,0.5
2015-12-19,0.5
2015-12-20,0.5
2015-12-21,0.5
2015-12-22,0.5
2015-12-23,0.5
2015-12-24,0.5
2015-12-25,0.5
2015-12-26,0.5
2015-12-27,0.5
2015-12-28,0.5
2015-12-29,0.5
2015-12-30,0.5
2015-12-31,0.5
2016-01-01,0.5
2016-01-02,0.5
2016-01-03,0.5
2016-01-04,0.5
2016-01-05,0.5
2016-01-06,0.5
2016-01-07,0.5
2016-01-08,0.5
2016-01-09,0.5
2016-01-10,0.5
2016-01-11,0.5
2016-01-12,0.5
2016-01-13,0.5
2016-01-14,0.5
2016-01-15,0.5
2016-01-16,0.5
2016-01-17,0.5
2016-01-18,0.5
2016-01-19,0.5
2016-01-20,0.5
2016-01-21,0.5
2016-01-22,0.5
2016-01-23,0.5
2016-01-24,0.5
2016-01-25,0.5
2016-01-26,0.5
2016-01-27,0.5
2016-01-28,0.5
2016-01-29,0.5
2016-01-30,0.5
2016-01-31,0.5
2016-02-01,0.5
2016-02-02,0.5
2016-02-03,0.5
2016-02-04,0.5
2016-02-05,0.5
2016-02-06,0.5
2016-02-07,0.5
2016-02-08,0.5
2016-02-09,0.5
2016-02-10,0.5
2016-02-11,0.5
2016-02-12,0.5
2016-02-13,0.5
2016-02-14,0.5
2016-02-15,0.5
2016-02-16,0.5
2016-02-17,0.5
2016-02-18,0.5
2016-02-19,0.5
2016-02-20,0.5
2016-02-21,0.5
2016-02-22,0.5
2016-02-23,0.5
2016-02-24,0.5
2016-02-25,0.5
2016-02-26,0.5
2016-02-27,0.5
2016-02-28,0.5
2016-02-29,0.5
2016-03-01,0.5
2016-03-02,0.5
2016-03-03,0.5
2016-03-04,0.5
2016-03-05,0.5
2016-03-06,0.5
2016-03-07,0.5
2016-03-08,0.5
2016-03-09,0.5
2016-03-10,0.5
2016-03-11,0.5
2016-03-12,0.5
2016-03-13,0.5
2016-03-14,0.5
2016-03-15,0.5
2016-03-16,0.5
2016-03-17,0.5
2016-03-18,0.5
2016-03-19,0.5
2016-03-20,0.5
2016-03-21,0.5
2016-03-22,0.5
2016-03-23,0.5
2016-03-24,0.5
2016-03-25,0.5
2016-03-26,0.5
2016-03-27,0.5
2016-03-28,0.5
2016-03-29,0.5
2016-03-30,0.5
2016-03-31,0.5
2016-04-01,0.5
2016-04-02,0.5
2016-04-03,0.5
2016-04-04,0.5
2016-04-05,0.5
2016-04-06,0.5
2016-04-07,0.5
2016-04-08,0.5
2016-04-09,0.5
2016-04-10,0.5
2016-04-11,0.5
2016-04-12,0.5
2016-04-13,0.5
2016-04-14,0.5
2016-04-15,0.5
2016-04-16,0.5
2016-04-17,0.5
2016-04-18,0.5
2016-04-19,0.5
2016-04-20,9.5
2016-04-21,0.5
2016-04-22,0.5
2016-04-23,0.5
2016-04-24,0.5
2016-04-25,0.5
2016-04-26,0.5
2016-04-27,0.5
2016-04-28,0.5
2016-04-29,0.5
2016-04-30,0.5
2016-05-01,0.5
2016-05-02,0.5
2016-05-03,0.5
2016-05-04,0.5
2016-05-05,0.5
2016-05-06,0.5
2016-05-07,0.5
2016-05-08,0.5
2016-05-09,39.5
2016-05-10,11.5
2016-05-11,12
2016-05-12,13.5
2016-05-13,10.5
2016-05-14,7
2016-05-15,5.5
2016-05-16,6
2016-05-17,7.5
2016-05-18,6.5
2016-05-19,11
2016-05-20,10.5
2016-05-21,12
2016-05-22,12
2016-05-23,10.5
2016-05-24,8.5
2016-05-25,7.5
2016-05-26,9
2016-05-27,7
2016-05-28,4
2016-05-29,4.5
2016-05-30,6.5
2016-05-31,9
2016-06-01,7.5
2016-06-02,6
2016-06-03,3.5
2016-06-04,2.5
2016-06-05,2.5
2016-06-06,3.5
2016-06-07,3
2016-06-08,3
2016-06-09,3
2016-06-10,3
2016-06-11,3.5
2016-06-12,4
2016-06-13,4
2016-06-14,5.5
2016-06-15,7
2016-06-16,10
2016-06-17,9.5
2016-06-18,5.5
2016-06-19,9.5
2016-06-20,9
2016-06-21,11.5
2016-06-22,12
2016-06-23,12
2016-06-24,12
2016-06-25,12.5
2016-06-26,14
2016-06-27,13
2016-06-28,14.5
2016-06-29,13
2016-06-30,13.5
2016-07-01,15
2016-07-02,15.5
2016-07-03,15.5
2016-07-04,15.5
2016-07-05,14.5
2016-07-06,16.5
2016-07-07,16
2016-07-08,15.5
2016-07-09,16.5
2016-07-10,17
2016-07-11,16
2016-07-12,17
2016-07-13,17
2016-07-14,17.5
2016-07-15,17.5
2016-07-16,16.5
2016-07-17,16
2016-07-18,11
2016-07-19,3.5
2016-07-20,5
2016-07-21,7
2016-07-22,6
2016-07-23,9
2016-07-24,9
2016-07-25,9
2016-07-26,9.5
2016-07-27,7.5
2016-07-28,10.5
2016-07-29,10.5
2016-07-30,10
2016-07-31,9.5
2016-08-01,12
2016-08-02,12
2016-08-03,13
2016-08-04,12
2016-08-05,8.5
2016-08-06,13
2016-08-07,14.5
2016-08-08,13
2016-08-09,13.5
2016-08-10,13.5
2016-08-11,13.5
2016-08-12,15
2016-08-13,13.5
2016-08-14,13
2016-08-15,14.5
2016-08-16,14.5
2016-08-17,15
2016-08-18,13
2016-08-19,22.5
2016-08-20,20.5
2016-08-21,23
2016-08-22,22.5
2016-08-23,19.5
2016-08-24,19.5
2016-08-25,19.5
2016-08-26,22.5
2016-08-27,20
2016-08-28,15
2016-08-29,22
2016-08-30,23
2016-08-31,22.5
2016-09-01,23.5
2016-09-02,23.5
2016-09-03,23
2016-09-04,20.5
2016-09-05,23.5
2016-09-06,19.5
2016-09-07,20
2016-09-08,23
2016-09-09,23.5
2016-09-10,24
2016-09-11,27
2016-09-12,28.5
2016-09-13,24
2016-09-14,27.5
2016-09-15,28.5
2016-09-16,28
2016-09-17,28.5
2016-09-18,28.5
2016-09-19,28.5
2016-09-20,28.5
2016-09-21,29
2016-09-22,28.5
2016-09-23,29
2016-09-24,31.5
2016-09-25,34
2016-09-26,34
2016-09-27,34
2016-09-28,34.5
2016-09-29,35.5
2016-09-30,34.5
2016-10-01,35
2016-10-02,35.5
2016-10-03,35.5
2016-10-04,35.5
2016-10-05,36
2016-10-06,36
2016-10-07,36
2016-10-08,36
2016-10-09,35.5
2016-10-10,35.5
2016-10-11,36
2016-10-12,36
2016-10-13,36.5
2016-10-14,36.5
2016-10-15,37
2016-10-16,36.5
2016-10-17,38
2016-10-18,43.5
2016-10-19,0.5
2016-10-20,0.5
2016-10-21,0.5
2016-10-22,0.5
2016-10-23,0.5
2016-10-24,0.5
2016-10-25,0.5
2016-10-26,0.5
2016-10-27,0.5
2016-10-28,0.5
2016-10-29,0.5
2016-10-30,0.5
2016-10-31,0.5
2016-11-01,0.5
2016-11-02,0.5
2016-11-03,0.5
2016-11-04,0.5
2016-11-05,0.5
2016-11-06,0.5
2016-11-07,0.5
2016-11-08,0.5
2016-11-09,0.5
2016-11-10,0.5
2016-11-11,0.5
2016-11-12,0.5
2016-11-13,0.5
2016-11-14,0.5
2016-11-15,0.5
2016-11-16,0.5
2016-11-17,0.5
2016-11-18,0.5
2016-11-19,0.5
2016-11-20,0.5
2016-11-21,0.5
2016-11-22,0.5
2016-11-23,0.5
2016-11-24,0.5
2016-11-25,0.5
2016-11-26,0.5
2016-11-27,0.5
2016-11-28,0.5
2016-11-29,0.5
2016-11-30,0.5
2016-12-01,0.5
2016-12-02,0.5
2016-12-03,0.5
2016-12-04,0.5
2016-12-05,0.5
2016-12-06,0.5
2016-12-07,0.5
2016-12-08,0.5
2016-12-09,0.5
2016-12-10,0.5
2016-12-11,0.5
2016-12-12,0.5
2016-12-13,0.5
2016-12-14,0.5
2016-12-15,0.5
2016-12-16,0.5
2016-12-17,0.5
2016-12-18,0.5
2016-12-19,0.5
2016-12-20,0.5
2016-12-21,0.5
2016-12-22,0.5
2016-12-23,0.5
2016-12-24,0.5
2016-12-25,0.5
2016-12-26,0.5
2016-12-27,0.5
2016-12-28,0.5
2016-12-29,0.5
2016-12-30,0.5
2016-12-31,0.5
2017-01-01,0.5
2017-01-02,0.5
2017-01-03,0.5
2017-01-04,0.5
2017-01-05,0.5
2017-01-06,0.5
2017-01-07,0.5
2017-01-08,0.5
2017-01-09,0.5
2017-01-10,0.5
2017-01-11,0.5
2017-01-12,0.5
2017-01-13,0.5
2017-01-14,0.5
2017-01-15,0.5
2017-01-16,0.5
2017-01-17,0.5
2017-01-18,0.5
2017-01-19,0.5
2017-01-20,0.5
2017-01-21,0.5
2017-01-22,0.5
2017-01-23,0.5
2017-01-24,0.5
2017-01-25,0.5
2017-01-26,0.5
2017-01-27,0.5
2017-01-28,0.5
2017-01-29,0.5
2017-01-30,0.5
2017-01-31,0.5
2017-02-01,0.5
2017-02-02,0.5
2017-02-03,0.5
2017-02-04,0.5
2017-02-05,0.5
2017-02-06,0.5
2017-02-07,0.5
2017-02-08,0.5
2017-02-09,0.5
2017-02-10,0.5
2017-02-11,0.5
2017-02-12,0.5
2017-02-13,0.5
2017-02-14,0.5
2017-02-15,0.5
2017-02-16,0.5
2017-02-17,0.5
2017-02-18,0.5
2017-02-19,0.5
2017-02-20,0.5
2017-02-21,0.5
2017-02-22,0.5
2017-02-23,0.5
2017-02-24,0.5
2017-02-25,0.5
2017-02-26,0.5
2017-02-27,0.5
2017-02-28,0.5
2017-03-01,0.5
2017-03-02,0.5
2017-03-03,0.5
2017-03-04,0.5
2017-03-05,0.5
2017-03-06,0.5
2017-03-07,0.5
2017-03-08,0.5
2017-03-09,0.5
2017-03-10,0.5
2017-03-11,0.5
2017-03-12,0.5
2017-03-13,0.5
2017-03-14,0.5
2017-03-15,0.5
2017-03-16,0.5
2017-03-17,0.5
2017-03-18,0.5
2017-03-19,0.5
2017-03-20,0.5
2017-03-21,0.5
2017-03-22,0.5
2017-03-23,0.5
2017-03-24,0.5
2017-03-25,0.5
2017-03-26,0.5
2017-03-27,0.5
2017-03-28,0.5
2017-03-29,0.5
2017-03-30,0.5
2017-03-31,0.5
2017-04-01,0.5
2017-04-02,0.5
2017-04-03,0.5
2017-04-04,0.5
2017-04-05,0.5
2017-04-06,0.5
2017-04-07,0.5
2017-04-08,0.5
2017-04-09,0.5
2017-04-10,0.5
2017-04-11,0.5
2017-04-12,0.5
2017-04-13,0.5
2017-04-14,0.5
2017-04-15,0.5
2017-04-16,0.5
2017-04-17,0.5
2017-04-18,0.5
2017-04-19,23.5
2017-04-20,0.5
2017-04-21,23.5
2017-04-22,12.5
2017-04-23,12
2017-04-24,0.5
2017-04-25,0.5
2017-04-26,0.5
2017-04-27,0.5
2017-04-28,0.5
2017-04-29,0.5
2017-04-30,0.5
2017-05-01,0.5
2017-05-02,6.5
2017-05-03,10.5
2017-05-04,10.5
2017-05-05,14
2017-05-06,15
2017-05-07,8.5
2017-05-08,3.5
2017-05-09,5.5
2017-05-10,4
2017-05-11,4
2017-05-12,4.5
2017-05-13,6.5
2017-05-14,10.5
2017-05-15,14.5
2017-05-16,14.5
2017-05-17,16.5
2017-05-18,11
2017-05-19,9.5
2017-05-20,9.5
2017-05-21,14.5
2017-05-22,17.5
2017-05-23,13
2017-05-24,13
2017-05-25,11
2017-05-26,10
2017-05-27,9
2017-05-28,5
2017-05-29,4
2017-05-30,8.5
2017-05-31,10
2017-06-01,13.5
2017-06-02,12.5
2017-06-03,13
2017-06-04,13.5
2017-06-05,13.5
2017-06-06,15
2017-06-07,17
2017-06-08,17.5
2017-06-09,17
2017-06-10,19.5
2017-06-11,20.5
2017-06-12,20
2017-06-13,21.5
2017-06-14,23
2017-06-15,23.5
2017-06-16,23.5
2017-06-17,23.5
2017-06-18,23
2017-06-19,8
2017-06-20,4
2017-06-21,6
2017-06-22,7
2017-06-23,17.5
2017-06-24,9.5
2017-06-25,10
2017-06-26,10
2017-06-27,11
2017-06-28,4.5
2017-06-29,17
2017-06-30,23.5
2017-07-01,21.5
2017-07-02,21.5
2017-07-03,19
2017-07-04,18.5
2017-07-05,13.5
2017-07-06,13
2017-07-07,7.5
2017-07-08,7.5
2017-07-09,9.5
2017-07-10,8.5
2017-07-11,10
2017-07-12,6.5
2017-07-13,7
2017-07-14,8.5
2017-07-15,14.5
2017-07-16,9
2017-07-17,4.5
2017-07-18,4.5
2017-07-19,8.5
2017-07-20,8.5
2017-07-21,10.5
2017-07-22,9.5
2017-07-23,7.5
2017-07-24,7.5
2017-07-25,4.5
2017-07-26,10.5
2017-07-27,12
2017-07-28,15.5
2017-07-29,17
2017-07-30,18
2017-07-31,19
2017-08-01,19
2017-08-02,19.5
2017-08-03,17
2017-08-04,14.5
2017-08-05,12
2017-08-06,19
2017-08-07,18.5
2017-08-08,17.5
2017-08-09,20
2017-08-10,21
2017-08-11,23
2017-08-12,22.5
2017-08-13,23
2017-08-14,21
2017-08-15,18
2017-08-16,23
2017-08-17,23.5
2017-08-18,23.5
2017-08-19,24
2017-08-20,24
2017-08-21,23.5
2017-08-22,23.5
2017-08-23,23.5
2017-08-24,24
2017-08-25,23
2017-08-26,8
2017-08-27,16.5
2017-08-28,21
2017-08-29,23
2017-08-30,23.5
2017-08-31,10
2017-09-01,23
2017-09-02,25
2017-09-03,24
2017-09-04,23.5
2017-09-05,23.5
2017-09-06,25.5
2017-09-07,26
2017-09-08,27
2017-09-09,29.5
2017-09-10,31.5
2017-09-11,35.5
2017-09-12,35
2017-09-13,35.5
2017-09-14,36
2017-09-15,36
2017-09-16,36
2017-09-17,35
2017-09-18,35.5
2017-09-19,36.5
2017-09-20,38.5
2017-09-21,0.5
2017-09-22,0.5
2017-09-23,0.5
2017-09-24,0.5
2017-09-25,0.5
2017-09-26,0.5
2017-09-27,0.5
2017-09-28,0.5
2017-09-29,0.5
2017-09-30,0.5
2017-10-01,0.5
2017-10-02,0.5
2017-10-03,0.5
2017-10-04,0.5
2017-10-05,0.5
2017-10-06,0.5
2017-10-07,0.5
2017-10-08,0.5
2017-10-09,0.5
2017-10-10,0.5
2017-10-11,0.5
2017-10-12,0.5
2017-10-13,0.5
2017-10-14,0.5
2017-10-15,0.5
2017-10-16,0.5
2017-10-17,0.5
2017-10-18,0.5
2017-10-19,0.5
2017-10-20,0.5
2017-10-21,0.5
2017-10-22,0.5
2017-10-23,0.5
2017-10-24,0.5
2017-10-25,0.5
2017-10-26,0.5
2017-10-27,0.5
2017-10-28,0.5
2017-10-29,0.5
2017-10-30,0.5
2017-10-31,0.5
2017-11-01,0.5
2017-11-02,0.5
2017-11-03,0.5
2017-11-04,0.5
2017-11-05,0.5
2017-11-06,0.5
2017-11-07,0.5
2017-11-08,0.5
2017-11-09,0.5
2017-11-10,0.5
2017-11-11,0.5
2017-11-12,0.5
2017-11-13,0.5
2017-11-14,0.5
2017-11-15,0.5
2017-11-16,0.5
2017-11-17,0.5
2017-11-18,0.5
2017-11-19,0.5
2017-11-20,0.5
2017-11-21,0.5
2017-11-22,0.5
2017-11-23,0.5
2017-11-24,0.5
2017-11-25,0.5
2017-11-26,0.5
2017-11-27,0.5
2017-11-28,0.5
2017-11-29,0.5
2017-11-30,0.5
2017-12-01,0.5
2017-12-02,0.5
2017-12-03,0.5
2017-12-04,0.5
2017-12-05,0.5
2017-12-06,0.5
2017-12-07,0.5
2017-12-08,0.5
2017-12-09,0.5
2017-12-10,0.5
2017-12-11,0.5
2017-12-12,0.5
2017-12-13,0.5
2017-12-14,0.5
2017-12-15,0.5
2017-12-16,0.5
2017-12-17,0.5
2017-12-18,0.5
2017-12-19,0.5
2017-12-20,0.5
2017-12-21,0.5
2017-12-22,0.5
2017-12-23,0.5
2017-12-24,0.5
2017-12-25,0.5
2017-12-26,0.5
2017-12-27,0.5
2017-12-28,0.5
2017-12-29,0.5
2017-12-30,0.5
2017-12-31,0.5
2018-01-01,0.5
2018-01-02,0.5
2018-01-03,0.5
2018-01-04,0.5
2018-01-05,0.5
2018-01-06,0.5
2018-01-07,0.5
2018-01-08,0.5
2018-01-09,0.5
2018-01-10,0.5
2018-01-11,0.5
2018-01-12,0.5
2018-01-13,0.5
2018-01-14,0.5
2018-01-15,0.5
2018-01-16,0.5
2018-01-17,0.5
2018-01-18,0.5
2018-01-19,0.5
2018-01-20,0.5
2018-01-21,0.5
2018-01-22,0.5
2018-01-23,0.5
2018-01-24,0.5
2018-01-25,0.5
2018-01-26,0.5
2018-01-27,0.5
2018-01-28,0.5
2018-01-29,0.5
2018-01-30,0.5
2018-01-31,0.5
2018-02-01,0.5
2018-02-02,0.5
2018-02-03,0.5
2018-02-04,0.5
2018-02-05,0.5
2018-02-06,0.5
2018-02-07,0.5
2018-02-08,0.5
2018-02-09,0.5
2018-02-10,0.5
2018-02-11,0.5
2018-02-12,0.5
2018-02-13,0.5
2018-02-14,0.5
2018-02-15,0.5
2018-02-16,0.5
2018-02-17,0.5
2018-02-18,0.5
2018-02-19,0.5
2018-02-20,0.5
2018-02-21,0.5
2018-02-22,0.5
2018-02-23,0.5
2018-02-24,0.5
2018-02-25,0.5
2018-02-26,0.5
2018-02-27,0.5
2018-02-28,0.5
2018-03-01,0.5
2018-03-02,0.5
2018-03-03,0.5
2018-03-04,0.5
2018-03-05,0.5
2018-03-06,0.5
2018-03-07,0.5
2018-03-08,0.5
2018-03-09,0.5
2018-03-10,0.5
2018-03-11,0.5
2018-03-12,0.5
2018-03-13,0.5
2018-03-14,0.5
2018-03-15,0.5
2018-03-16,0.5
2018-03-17,0.5
2018-03-18,0.5
2018-03-19,0.5
2018-03-20,0.5
2018-03-21,0.5
2018-03-22,0.5
2018-03-23,0.5
2018-03-24,0.5
2018-03-25,0.5
2018-03-26,0.5
2018-03-27,0.5
2018-03-28,0.5
2018-03-29,0.5
2018-03-30,0.5
2018-03-31,0.5
2018-04-01,0.5
2018-04-02,0.5
2018-04-03,0.5
2018-04-04,0.5
2018-04-05,0.5
2018-04-06,0.5
2018-04-07,0.5
2018-04-08,0.5
2018-04-09,0.5
2018-04-10,0.5
2018-04-11,0.5
2018-04-12,0.5
2018-04-13,0.5
2018-04-14,0.5
2018-04-15,0.5
2018-04-16,0.5
2018-04-17,0.5
2018-04-18,0.5
2018-04-19,0.5
2018-04-20,0.5
2018-04-21,0.5
2018-04-22,0.5
2018-04-23,0.5
2018-04-24,0.5
2018-04-25,0.5
2018-04-26,0.5
2018-04-27,0.5
2018-04-28,0.5
2018-04-29,0.5
2018-04-30,0.5
2018-05-01,0.5
2018-05-02,0.5
2018-05-03,0.5
2018-05-04,0.5
2018-05-05,0.5
2018-05-06,41.5
2018-05-07,37
2018-05-08,25.5
2018-05-09,26.5
2018-05-10,27.5
2018-05-11,38.5
2018-05-12,39
2018-05-13,36.5
2018-05-14,34
2018-05-15,26
2018-05-16,34.5
2018-05-17,27.5
2018-05-18,19.5
2018-05-19,14.5
2018-05-20,16
2018-05-21,14
2018-05-22,18.5
2018-05-23,8.5
2018-05-24,4
2018-05-25,11.5
2018-05-26,10
2018-05-27,6
2018-05-28,3
2018-05-29,2
2018-05-30,2.5
2018-05-31,2.5
2018-06-01,3
2018-06-02,4
2018-06-03,4.5
2018-06-04,4.5
2018-06-05,4.5
2018-06-06,4.5
2018-06-07,3.5
2018-06-08,5.5
2018-06-09,4.5
2018-06-10,5.5
2018-06-11,6
2018-06-12,6
2018-06-13,7
2018-06-14,11.5
2018-06-15,12
2018-06-16,13.5
2018-06-17,14.5
2018-06-18,15
2018-06-19,15
2018-06-20,15.5
2018-06-21,16
2018-06-22,13.5
2018-06-23,5
2018-06-24,3.5
2018-06-25,2.5
2018-06-26,2.5
2018-06-27,2.5
2018-06-28,2
2018-06-29,2.5
2018-06-30,2.5
2018-07-01,5
2018-07-02,7.5
2018-07-03,3
2018-07-04,2.5
2018-07-05,4.5
2018-07-06,5
2018-07-07,6
2018-07-08,6
2018-07-09,6
2018-07-10,5.5
2018-07-11,6.5
2018-07-12,6.5
2018-07-13,6.5
2018-07-14,8.5
2018-07-15,9
2018-07-16,9
2018-07-17,9
2018-07-18,6.5
2018-07-19,8.5
2018-07-20,9
2018-07-21,9
2018-07-22,9.5
2018-07-23,9.5
2018-07-24,9
2018-07-25,9.5
2018-07-26,10.5
2018-07-27,10
2018-07-28,10
2018-07-29,11
2018-07-30,12
2018-07-31,13
2018-08-01,13
2018-08-02,13
2018-08-03,12.5
2018-08-04,12.5
2018-08-05,12.5
2018-08-06,12.5
2018-08-07,13
2018-08-08,12.5
2018-08-09,13
2018-08-10,12.5
2018-08-11,14
2018-08-12,13
2018-08-13,13
2018-08-14,14.5
2018-08-15,15.5
2018-08-16,15
2018-08-17,16.5
2018-08-18,17
2018-08-19,16.5
2018-08-20,14.5
2018-08-21,14.5
2018-08-22,13.5
2018-08-23,16
2018-08-24,17.5
2018-08-25,18
2018-08-26,19
2018-08-27,19.5
2018-08-28,20.5
2018-08-29,19.5
2018-08-30,20
2018-08-31,21
2018-09-01,20
2018-09-02,19.5
2018-09-03,20
2018-09-04,21
2018-09-05,21
2018-09-06,20.5
2018-09-07,21.5
2018-09-08,22
2018-09-09,23
2018-09-10,24
2018-09-11,24
2018-09-12,24.5
2018-09-13,25
2018-09-14,26
2018-09-15,27
2018-09-16,29
2018-09-17,30
2018-09-18,30.5
2018-09-19,36.5
2018-09-20,38
2018-09-21,39
2018-09-22,39
2018-09-23,40.5
2018-09-24,0.5
2018-09-25,0.5
2018-09-26,0.5
2018-09-27,0.5
2018-09-28,0.5
2018-09-29,0.5
2018-09-30,0.5
2018-10-01,0.5
2018-10-02,0.5
2018-10-03,0.5
2018-10-04,0.5
2018-10-05,0.5
2018-10-06,0.5
2018-10-07,0.5
2018-10-08,0.5
2018-10-09,0.5
2018-10-10,0.5
2018-10-11,0.5
2018-10-12,0.5
2018-10-13,0.5
2018-10-14,0.5
2018-10-15,0.5
2018-10-16,0.5
2018-10-17,0.5
2018-10-18,0.5
2018-10-19,0.5
2018-10-20,0.5
2018-10-21,0.5
2018-10-22,0.5
2018-10-23,0.5
2018-10-24,0.5
2018-10-25,0.5
2018-10-26,0.5
2018-10-27,0.5
2018-10-28,0.5
2018-10-29,0.5
2018-10-30,0.5
2018-10-31,0.5
2018-11-01,0.5
2018-11-02,0.5
2018-11-03,0.5
2018-11-04,0.5
2018-11-05,0.5
2018-11-06,0.5
2018-11-07,0.5
2018-11-08,0.5
2018-11-09,0.5
2018-11-10,0.5
2018-11-11,0.5
2018-11-12,0.5
2018-11-13,0.5
2018-11-14,0.5
2018-11-15,0.5
2018-11-16,0.5
2018-11-17,0.5
2018-11-18,0.5
2018-11-19,0.5
2018-11-20,0.5
2018-11-21,0.5
2018-11-22,0.5
2018-11-23,0.5
2018-11-24,0.5
2018-11-25,0.5
2018-11-26,0.5
2018-11-27,0.5
2018-11-28,0.5
2018-11-29,0.5
2018-11-30,0.5
2018-12-01,0.5
2018-12-02,0.5
2018-12-03,0.5
2018-12-04,0.5
2018-12-05,0.5
2018-12-06,0.5
2018-12-07,0.5
2018-12-08,0.5
2018-12-09,0.5
2018-12-10,0.5
2018-12-11,0.5
2018-12-12,0.5
2018-12-13,0.5
2018-12-14,0.5
2018-12-15,0.5
2018-12-16,0.5
2018-12-17,0.5
2018-12-18,0.5
2018-12-19,0.5
2018-12-20,0.5
2018-12-21,0.5
2018-12-22,0.5
2018-12-23,0.5
2018-12-24,0.5
2018-12-25,0.5
2018-12-26,0.5
2018-12-27,0.5
2018-12-28,0.5
2018-12-29,0.5
2018-12-30,0.5
2018-12-31,0.5
2019-01-01,0.5
2019-01-02,0.5
2019-01-03,0.5
2019-01-04,0.5
2019-01-05,0.5
2019-01-06,0.5
2019-01-07,0.5
2019-01-08,0.5
2019-01-09,0.5
2019-01-10,0.5
2019-01-11,0.5
2019-01-12,0.5
2019-01-13,0.5
2019-01-14,0.5
2019-01-15,0.5
2019-01-16,0.5
2019-01-17,0.5
2019-01-18,0.5
2019-01-19,0.5
2019-01-20,0.5
2019-01-21,0.5
2019-01-22,0.5
2019-01-23,0.5
2019-01-24,0.5
2019-01-25,0.5
2019-01-26,0.5
2019-01-27,0.5
2019-01-28,0.5
2019-01-29,0.5
2019-01-30,0.5
2019-01-31,0.5
2019-02-01,0.5
2019-02-02,0.5
2019-02-03,0.5
2019-02-04,0.5
2019-02-05,0.5
2019-02-06,0.5
2019-02-07,0.5
2019-02-08,0.5
2019-02-09,0.5
2019-02-10,0.5
2019-02-11,0.5
2019-02-12,0.5
2019-02-13,0.5
2019-02-14,0.5
2019-02-15,0.5
2019-02-16,0.5
2019-02-17,0.5
2019-02-18,0.5
2019-02-19,0.5
2019-02-20,0.5
2019-02-21,0.5
2019-02-22,0.5
2019-02-23,0.5
2019-02-24,0.5
2019-02-25,0.5
2019-02-26,0.5
2019-02-27,0.5
2019-02-28,0.5
2019-03-01,0.5
2019-03-02,0.5
2019-03-03,0.5
2019-03-04,0.5
2019-03-05,0.5
2019-03-06,0.5
2019-03-07,0.5
2019-03-08,0.5
2019-03-09,0.5
2019-03-10,0.5
2019-03-11,0.5
2019-03-12,0.5
2019-03-13,0.5
2019-03-14,0.5
2019-03-15,0.5
2019-03-16,0.5
2019-03-17,0.5
2019-03-18,0.5
2019-03-19,0.5
2019-03-20,0.5
2019-03-21,0.5
2019-03-22,0.5
2019-03-23,0.5
2019-03-24,0.5
2019-03-25,0.5
2019-03-26,0.5
2019-03-27,0.5
2019-03-28,0.5
2019-03-29,0.5
2019-03-30,0.5
2019-03-31,0.5
2019-04-01,0.5
2019-04-02,0.5
2019-04-03,0.5
2019-04-04,0.5
2019-04-05,0.5
2019-04-06,0.5
2019-04-07,0.5
2019-04-08,0.5
2019-04-09,0.5
2019-04-10,0.5
2019-04-11,0.5
2019-04-12,0.5
2019-04-13,0.5
2019-04-14,0.5
2019-04-15,0.5
2019-04-16,0.5
2019-04-17,0.5
2019-04-18,0.5
2019-04-19,24
2019-04-20,9.5
2019-04-21,9.5
2019-04-22,24
2019-04-23,9
2019-04-24,12
2019-04-25,11
2019-04-26,13
2019-04-27,0.5
2019-04-28,0.5
2019-04-29,0.5
2019-04-30,0.5
2019-05-01,0.5
2019-05-02,0.5
2019-05-03,0.5
2019-05-04,0.5
2019-05-05,9.5
2019-05-06,8.5
2019-05-07,10.5
2019-05-08,0.5
2019-05-09,0.5
2019-05-10,42.5
2019-05-11,0.5
2019-05-12,0.5
2019-05-13,33
2019-05-14,31
2019-05-15,28.5
2019-05-16,22
2019-05-17,4
2019-05-18,23
2019-05-19,27
2019-05-20,22
2019-05-21,5.5
2019-05-22,2.5
2019-05-23,3.5
2019-05-24,3.5
2019-05-25,5.5
2019-05-26,8.5
2019-05-27,11
2019-05-28,11
2019-05-29,12.5
2019-05-30,13.5
2019-05-31,15
2019-06-01,13.5
2019-06-02,20
2019-06-03,21
2019-06-04,18.5
2019-06-05,23
2019-06-06,24.5
2019-06-07,24.5
2019-06-08,24
2019-06-09,24.5
2019-06-10,12.5
2019-06-11,25
2019-06-12,27
2019-06-13,29
2019-06-14,12.5
2019-06-15,11.5
2019-06-16,12.5
2019-06-17,14.5
2019-06-18,13
2019-06-19,11.5
2019-06-20,3
2019-06-21,7.5
2019-06-22,6
2019-06-23,10
2019-06-24,8.5
2019-06-25,9.5
2019-06-26,10.5
2019-06-27,5.5
2019-06-28,9
2019-06-29,9
2019-06-30,11
2019-07-01,10.5
2019-07-02,10
2019-07-03,4
2019-07-04,3.5
2019-07-05,5
2019-07-06,4
2019-07-07,3
2019-07-08,4
2019-07-09,6.5
2019-07-10,6.5
2019-07-11,7
2019-07-12,8.5
2019-07-13,4
2019-07-14,2.5
2019-07-15,3
2019-07-16,6
2019-07-17,7
2019-07-18,7
2019-07-19,8.5
2019-07-20,9
2019-07-21,12
2019-07-22,14
2019-07-23,14
2019-07-24,12.5
2019-07-25,13.5
2019-07-26,13.5
2019-07-27,11
2019-07-28,11
2019-07-29,10
2019-07-30,13
2019-07-31,10.5
2019-08-01,3
2019-08-02,4
2019-08-03,9
2019-08-04,11.5
2019-08-05,13
2019-08-06,12
2019-08-07,7.5
2019-08-08,5
2019-08-09,6.5
2019-08-10,12.5
2019-08-11,15.5
2019-08-12,14
2019-08-13,6
2019-08-14,6
2019-08-15,14
2019-08-16,17.5
2019-08-17,18.5
2019-08-18,18.5
2019-08-19,19
2019-08-20,19.5
2019-08-21,21
2019-08-22,21
2019-08-23,21
2019-08-24,20
2019-08-25,20
2019-08-26,21
2019-08-27,20
2019-08-28,23.5
2019-08-29,24
2019-08-30,25.5
2019-08-31,28
2019-09-01,28.5
2019-09-02,28.5
2019-09-03,28.5
2019-09-04,30
2019-09-05,33
2019-09-06,33.5
2019-09-07,34
2019-09-08,35
2019-09-09,35.5
2019-09-10,36
2019-09-11,35.5
2019-09-12,36
2019-09-13,35
2019-09-14,35.5
2019-09-15,36
2019-09-16,35
2019-09-17,34
2019-09-18,4.5
2019-09-19,4.5
2019-09-20,34
2019-09-21,35.5
2019-09-22,35
2019-09-23,36
2019-09-24,37
2019-09-25,37
2019-09-26,39
2019-09-27,0.5
2019-09-28,0.5
2019-09-29,0.5
2019-09-30,0.5
2019-10-01,0.5
2019-10-02,0.5
2019-10-03,0.5
2019-10-04,0.5
2019-10-05,0.5
2019-10-06,0.5
2019-10-07,0.5
2019-10-08,0.5
2019-10-09,0.5
2019-10-10,0.5
2019-10-11,0.5
2019-10-12,0.5
2019-10-13,0.5
2019-10-14,0.5
2019-10-15,0.5
2019-10-16,0.5
2019-10-17,0.5
2019-10-18,0.5
2019-10-19,0.5
2019-10-20,0.5
2019-10-21,0.5
2019-10-22,0.5
2019-10-23,0.5
2019-10-24,0.5
2019-10-25,0.5
2019-10-26,0.5
2019-10-27,0.5
2019-10-28,0.5
2019-10-29,0.5
2019-10-30,0.5
2019-10-31,0.5
2019-11-01,0.5
2019-11-02,0.5
2019-11-03,0.5
2019-11-04,0.5
2019-11-05,0.5
2019-11-06,0.5
2019-11-07,0.5
2019-11-08,0.5
2019-11-09,0.5
2019-11-10,0.5
2019-11-11,0.5
2019-11-12,0.5
2019-11-13,0.5
2019-11-14,0.5
2019-11-15,0.5
2019-11-16,0.5
2019-11-17,0.5
2019-11-18,0.5
2019-11-19,0.5
